{
    "frame_id": "000002",
    "matches": [
        {
            "id": 0,
            "rpn_2d": [
                658.372803,
                190.972672,
                705.74115,
                223.385696
            ],
            "rpn_3d": [
                36.469151,
                -3.343989,
                -1.419887,
                4.09412,
                1.829152,
                1.484954,
                -1.244504
            ],
            "projected_2d": [
                633.405029296875,
                191.00253295898438,
                723.2575073242188,
                223.51988220214844
            ],
            "yolo_label": "0"
        }
    ]
}