{
    "frame_id": "000003",
    "matches": [
        {
            "id": 0,
            "rpn_2d": [
                617.014404,
                178.948059,
                726.104248,
                288.717224
            ],
            "rpn_3d": [
                13.565332,
                -0.88817,
                -0.89346,
                3.903902,
                1.636875,
                1.569117,
                3.126105
            ],
            "projected_2d": [
                617.1869506835938,
                180.72662353515625,
                721.6144409179688,
                283.5616149902344
            ],
            "yolo_label": "0"
        }
    ]
}