{
    "frame_id": "000000",
    "matches": [
        {
            "id": 0,
            "rpn_2d": [
                716.948914,
                144.885239,
                803.560608,
                316.844757
            ],
            "rpn_3d": [
                8.673374,
                -1.665905,
                -0.655717,
                1.12611,
                0.740124,
                1.915942,
                -1.677326
            ],
            "projected_2d": [
                700.2764282226562,
                142.16505432128906,
                803.5546264648438,
                313.12353515625
            ],
            "yolo_label": "1"
        }
    ]
}