{
    "frame_id": "000001",
    "matches": [
        {
            "id": 0,
            "rpn_2d": [
                388.274414,
                179.474457,
                423.592865,
                201.632935
            ],
            "rpn_3d": [
                58.854263,
                16.944351,
                -0.962943,
                3.827872,
                1.612041,
                1.454939,
                0.108272
            ],
            "projected_2d": [
                387.0426940917969,
                184.2275390625,
                415.8341979980469,
                203.5838623046875
            ],
            "yolo_label": "0"
        },
        {
            "id": 1,
            "rpn_2d": [
                673.397278,
                163.299667,
                694.078918,
                196.64595
            ],
            "rpn_3d": [
                46.056465,
                -4.68521,
                -0.076812,
                1.735568,
                0.382198,
                1.723374,
                0.141771
            ],
            "projected_2d": [
                678.5067138671875,
                165.9734344482422,
                691.0722045898438,
                193.67691040039062
            ],
            "yolo_label": "2"
        }
    ]
}