{
    "frame_id": "000004",
    "matches": [
        {
            "id": 0,
            "rpn_2d": [
                276.635803,
                184.249039,
                345.980347,
                214.888123
            ],
            "rpn_3d": [
                38.589485,
                15.720655,
                -0.874657,
                3.717761,
                1.581915,
                1.475562,
                3.097139
            ],
            "projected_2d": [
                283.0517578125,
                184.18568420410156,
                344.0955810546875,
                214.60626220703125
            ],
            "yolo_label": "0"
        },
        {
            "id": 1,
            "rpn_2d": [
                362.152283,
                182.903275,
                402.184113,
                204.516479
            ],
            "rpn_3d": [
                51.628017,
                16.305086,
                -0.867582,
                4.045813,
                1.644766,
                1.570341,
                -3.028999
            ],
            "projected_2d": [
                363.28240966796875,
                182.5640869140625,
                398.5899963378906,
                206.4065399169922
            ],
            "yolo_label": "0"
        }
    ]
}